stage,sample,input_cells,pass_count_qc,pct_pass,peaks_called,frag_gz_GB,h5_MB
E12.5,B6E12-5-1,6736,6594,97.9,122959,1.6,95.3
E12.5,B6E12-5-2,5884,5685,96.6,107352,1.42,75.0
E13.5,B6E13-5-1,2185,2115,96.8,97575,0.82,32.4
E13.5,B6E13-5-2,2438,2368,97.1,112935,0.96,43.4
E13.5,B6E13-5-3,4838,4693,97.0,100039,1.42,65.6
E14.0,B6E14-0-1,4783,4526,94.6,66957,1.63,44.0
E14.0,B6E14-0-2,4367,4191,96.0,75091,1.57,50.9
E14.5,B6E14-5-1,4633,4287,92.5,73958,1.57,45.5
E14.5,B6E14-5-2,3805,3612,94.9,139660,1.35,59.5
