leiden,z_score_call,final_call,n,agrees,acan_detection_frac
0,Epithelial,Epithelial,2545,True,0.0016
1,Epithelial,Epithelial,1259,True,0.0064
2,Epithelial,Epithelial,1018,True,0.002
3,Chondro,Early/unpatterned mesenchyme,2067,False,0.0005
4,Chondro,Early/unpatterned mesenchyme,2586,False,0.0004
5,Posterior,Early/unpatterned mesenchyme,2092,False,0.0
6,Anterior,Anterior,454,True,0.0066
7,Endothelial,Endothelial,605,True,0.0033
8,Chondro,Early/unpatterned mesenchyme,2829,False,0.0021
9,Anterior,Anterior,1724,True,0.0429
10,Posterior,Posterior,1007,True,0.0109
11,Anterior,Anterior,1267,True,0.0118
12,Chondro,Early/unpatterned mesenchyme,859,False,0.0023
13,Myocyte,Myocyte,237,True,0.0042
14,Neural/glia,Neural/glia,422,True,0.0024
15,Anterior,Anterior,2943,True,0.0058
16,Immune,Immune,407,True,0.0025
17,Posterior,Posterior,1579,True,0.0006
18,Chondro,Early/unpatterned mesenchyme,1505,False,0.0292
19,Posterior,Posterior,1035,True,0.0251
20,Osteogenic,Early/unpatterned mesenchyme,716,False,0.0293
21,Erythroid,Erythroid,128,True,0.0078
22,Erythroid,Other,631,False,0.0
23,Anterior,Anterior,1829,True,0.0705
24,Osteogenic,Early/unpatterned mesenchyme,1763,False,0.0147
25,Anterior,Early/unpatterned mesenchyme,62,False,0.0323
26,Chondro,Early/unpatterned mesenchyme,1613,False,0.0124
27,Epithelial,Epithelial,621,True,0.0032
28,Osteogenic,Osteogenic,1900,True,0.0111
29,Endothelial,Endothelial,75,True,0.0
30,Epithelial,Epithelial,293,True,0.0034
